Timecode,BlendshapeCount,EyeBlinkLeft,EyeLookDownLeft,EyeLookInLeft,EyeLookOutLeft,EyeLookUpLeft,EyeSquintLeft,EyeWideLeft,EyeBlinkRight,EyeLookDownRight,EyeLookInRight,EyeLookOutRight,EyeLookUpRight,EyeSquintRight,EyeWideRight,JawForward,JawRight,JawLeft,JawOpen,MouthClose,MouthFunnel,MouthPucker,MouthRight,MouthLeft,MouthSmileLeft,MouthSmileRight,MouthFrownLeft,MouthFrownRight,MouthDimpleLeft,MouthDimpleRight,MouthStretchLeft,MouthStretchRight,MouthRollLower,MouthRollUpper,MouthShrugLower,MouthShrugUpper,MouthPressLeft,MouthPressRight,MouthLowerDownLeft,MouthLowerDownRight,MouthUpperUpLeft,MouthUpperUpRight,BrowDownLeft,BrowDownRight,BrowInnerUp,BrowOuterUpLeft,BrowOuterUpRight,CheekPuff,CheekSquintLeft,CheekSquintRight,NoseSneerLeft,NoseSneerRight,TongueOut,HeadYaw,HeadPitch,HeadRoll,LeftEyeYaw,LeftEyePitch,LeftEyeRoll,RightEyeYaw,RightEyePitch,RightEyeRoll
00:00:00:00,61,0.12350282444999999,0.283773005,0.06843223425,0.0,0.0,0.048652777450000004,0.0,0.12350282444999999,0.283773005,0.06843223425,0.0,0.0,0.048652777450000004,0.0,0.0167854819,0.02687187495,0.02687187495,0.1375059038,0.0910029486,0.1037912071,0.1637958586,0.00268288865,0.00268288865,0.04114079665,0.04114079665,0.0,0.0,0.03424902075,0.03424902075,0.10342234375,0.10342234375,0.0263940934,0.0243268125,0.0555238202,0.0417659804,0.0216275202,0.0216275202,0.20867210625,0.20867210625,0.055207798249999995,0.055207798249999995,0.13324256245,0.13324256245,0.0663968772,0.0,0.0,0.0128523596,0.05379083755,0.05379083755,0.062083736099999995,0.062083736099999995,2.904e-07,-0.0639547482,0.2396088988,-0.0205002725,-0.0198064055,0.1735053062,-0.0034711803,0.0625459775,0.1735660434,0.0109586129
00:00:00:01,61,0.12349920749915255,0.28419765983305084,0.0684286357618644,0.0,0.0,0.04828693348559322,0.0,0.12349920749915255,0.28419765983305084,0.0684286357618644,0.0,0.0,0.04828693348559322,0.0,0.016972837094915254,0.0268804310779661,0.0268804310779661,0.13796647951864405,0.09056499374576271,0.10440014999830508,0.1634973701542373,0.002662662240677966,0.002662662240677966,0.04069896490932203,0.04069896490932203,0.0,0.0,0.03432319718220339,0.03432319718220339,0.10309875051694915,0.10309875051694915,0.026470852813559324,0.024410346857627118,0.0554534107220339,0.04182080036779661,0.021706477605932202,0.021706477605932202,0.2096695432644068,0.2096695432644068,0.05570681354661017,0.05570681354661017,0.1337210178855932,0.1337210178855932,0.0664481525440678,0.0,0.0,0.012914392561016948,0.05389261646610169,0.05389261646610169,0.06247707963050847,0.06247707963050847,2.2814745762711863e-07,-0.06476474197627119,0.24008222078305083,-0.02055532675084746,-0.019750371798305084,0.1737651943457627,-0.0034666492254237288,0.06259392491355932,0.17382584356101694,0.010983754452542373
00:00:00:02,61,0.12352755180762712,0.284835608288983,0.06841689062627118,0.0,0.0,0.0479078338279661,0.0,0.12352755180762712,0.284835608288983,0.06841689062627118,0.0,0.0,0.0479078338279661,0.0,0.01721462905423729,0.026930868630508475,0.026930868630508475,0.14581566723728814,0.09022201846779661,0.10528294729322034,0.16304606400847457,0.0027029039237288135,0.0027029039237288135,0.040331341519491526,0.040331341519491526,0.0,0.0,0.034410837144915246,0.034410837144915246,0.10292277141016949,0.10292277141016949,0.026505506084745764,0.024484317708474576,0.05523218089491525,0.04179966104915254,0.021699721395762712,0.021699721395762712,0.21396197226949154,0.21396197226949154,0.05637932800932203,0.05637932800932203,0.13346287999067796,0.13346287999067796,0.06655765792372882,0.0,0.0,0.012938398394915255,0.054021170330508475,0.054021170330508475,0.06278158760338982,0.06278158760338982,1.4995762711864406e-07,-0.06489989753220339,0.24104309661694914,-0.02130880048644068,-0.019572532930508476,0.17415591040338982,-0.0034433207305084746,0.06275202096779661,0.17421658487288136,0.011036716533898306
00:00:00:03,61,0.12369069574661017,0.2850115400067797,0.06839747199830509,0.0,0.0,0.047536428999152544,0.0,0.12369069574661017,0.2850115400067797,0.06839747199830509,0.0,0.0,0.047536428999152544,0.0,0.017578781459322033,0.026996692760169493,0.026996692760169493,0.16389349153728813,0.08982258022542373,0.10766812451694915,0.16157137340847458,0.002756854705084746,0.002756854705084746,0.03997196111355932,0.03997196111355932,0.0,0.0,0.03453361837966101,0.03453361837966101,0.10286110466355933,0.10286110466355933,0.026522546940677967,0.024597548020338984,0.054818584359322034,0.041683273591525426,0.0216441691279661,0.0216441691279661,0.23055026124322037,0.23055026124322037,0.057885207288983054,0.057885207288983054,0.13254535932288136,0.13254535932288136,0.06673337265593221,0.0,0.0,0.012936626315254237,0.05421700430847458,0.05421700430847458,0.06308775391101695,0.06308775391101695,1.2092542372881354e-07,-0.06512876829661016,0.2424366191118644,-0.02281992359661017,-0.019359429318644067,0.17426416531016947,-0.003407997379661017,0.06294020718474576,0.17432481982881357,0.011076784918644068
00:00:00:04,61,0.12409825677033898,0.28499961301355936,0.06838555137288135,0.0,0.0,0.04721276710084746,0.0,0.12409825677033898,0.28499961301355936,0.06838555137288135,0.0,0.0,0.04721276710084746,0.0,0.018222531116949152,0.027098580165254238,0.027098580165254238,0.19077818473728814,0.0891372541237288,0.11281612992033899,0.15908607792033896,0.0028009008491525424,0.0028009008491525424,0.03837695869830508,0.03837695869830508,0.0,0.0,0.03468047695084746,0.03468047695084746,0.10286845195169492,0.10286845195169492,0.026515981950847457,0.02472274426779661,0.05426217470847458,0.04154145572372882,0.02155579338898305,0.02155579338898305,0.2429618144398305,0.2429618144398305,0.06097798484661017,0.06097798484661017,0.12926825625508476,0.12926825625508476,0.06693880969661017,0.0,0.0,0.012916830383050847,0.05444521923389831,0.05444521923389831,0.0633548749940678,0.0633548749940678,7.774915254237288e-08,-0.06448617666271186,0.24395285822033896,-0.023638663315254237,-0.019638854949152542,0.1742557388559322,-0.0034570402169491524,0.06264654320508474,0.17431641307288134,0.01102459726779661
00:00:00:05,61,0.1260843741923729,0.2854447475966102,0.06836659910338982,0.0,0.0,0.046861813846610166,0.0,0.1260843741923729,0.2854447475966102,0.06836659910338982,0.0,0.0,0.046861813846610166,0.0,0.020603792833898304,0.02731851173135593,0.02731851173135593,0.2621873985728813,0.08790132695423729,0.12868191556101694,0.1571880687881356,0.002890282192372881,0.002890282192372881,0.03065277928305085,0.03065277928305085,0.0,0.0,0.034863996517796605,0.034863996517796605,0.10318412701525424,0.10318412701525424,0.026438680130508475,0.024831288735593218,0.05343114739661017,0.041411550228813564,0.021402519268644067,0.021402519268644067,0.26269719686949156,0.26269719686949156,0.0684475654042373,0.0684475654042373,0.11594673290338983,0.11594673290338983,0.06723178220338984,0.0,0.0,0.012878015993220339,0.05475483287542372,0.05475483287542372,0.06366884014491525,0.06366884014491525,4.643728813559322e-08,-0.06413598685932204,0.24466621522711865,-0.024416706991525424,-0.020332682427118644,0.17452525686779663,-0.003584806427118644,0.06192593569152542,0.17458586368135592,0.010915150506779662
00:00:00:06,61,0.12990686195508472,0.28543002823728814,0.0683653852338983,0.0,0.0,0.04650356556694915,0.0,0.12990686195508472,0.28543002823728814,0.0683653852338983,0.0,0.0,0.04650356556694915,0.0,0.02806731337627119,0.027596136699152545,0.027596136699152545,0.3298752171762712,0.08732097923220339,0.14803238820847459,0.15614432019491525,0.0030315168398305087,0.0030315168398305087,0.018028122242372872,0.018028122242372872,0.0,0.0,0.03514541437372881,0.03514541437372881,0.10664326994915255,0.10664326994915255,0.02632819151016949,0.024997004108474576,0.05223803391186441,0.04128185127627119,0.021182707278813558,0.021182707278813558,0.2865995898576271,0.2865995898576271,0.07544612116525425,0.07544612116525425,0.0985087207220339,0.0985087207220339,0.06766229493559321,0.0,0.0,0.012829763149152542,0.0551683606161017,0.0551683606161017,0.06393046830084745,0.06393046830084745,3.01457627118644e-08,-0.06445653256101695,0.2453935348542373,-0.02509484970338983,-0.021219146627118646,0.17451306265084746,-0.0037406876915254236,0.06103810669491525,0.17457368062033898,0.010758217842372882
00:00:00:07,61,0.13181642848050845,0.2845801978813559,0.06836924908728814,0.0,0.0,0.046098289569491524,0.0,0.13181642848050845,0.2845801978813559,0.06836924908728814,0.0,0.0,0.046098289569491524,0.0,0.040405474355932204,0.02792841099661017,0.02792841099661017,0.404849511620339,0.09371018019661018,0.187087359340678,0.1691417532322034,0.0031962644389830507,0.0031962644389830507,0.006947450844067794,0.006947450844067794,0.0016131459305084763,0.0016131459305084763,0.03548778255084746,0.03548778255084746,0.1177855480601695,0.1177855480601695,0.026194908005084745,0.02520435179322034,0.05097265889491526,0.041173456781355935,0.020898349580508475,0.020898349580508475,0.3218716246483051,0.3218716246483051,0.08081783203728814,0.08081783203728814,0.08293419167288135,0.08293419167288135,0.06824874427457626,0.0,0.0,0.012774187569491524,0.05557904931016949,0.05557904931016949,0.06408176108305084,0.06408176108305084,2.990847457627119e-08,-0.06380377379322034,0.2464072671118644,-0.025444445455932205,-0.02235313050338983,0.17398962200508475,-0.00392839136101695,0.05991624043220339,0.17405023990508475,0.010528536216949151
00:00:00:08,61,0.1335476501516949,0.2833983044847458,0.0683614888838983,0.0,0.0,0.04559510810508474,0.0,0.1335476501516949,0.2833983044847458,0.0683614888838983,0.0,0.0,0.04559510810508474,0.0,0.05165872733898305,0.02824910086101695,0.02824910086101695,0.47439506751186444,0.1136798687762712,0.26568870803559325,0.209264447140678,0.0033643613525423726,0.0033643613525423726,0.001355877220338982,0.001355877220338982,0.021357223344067817,0.021357223344067817,0.03565550997118644,0.03565550997118644,0.13112322486694916,0.13112322486694916,0.02599550536440678,0.02535049514576271,0.05025437388474577,0.04128813266271187,0.020572033119491524,0.020572033119491524,0.33921752036355934,0.33921752036355934,0.08975871376271187,0.08975871376271187,0.07054383486101695,0.07054383486101695,0.06894560438305085,0.0,0.0,0.012696687572881355,0.05593912066949153,0.05593912066949153,0.0642587409559322,0.0642587409559322,3.6335593220338986e-08,-0.06278042974915254,0.24819382140338983,-0.026048881774576274,-0.02410968154745763,0.17326139468644067,-0.004218717693220339,0.05816069384576271,0.17332204289152542,0.010177037745762712
00:00:00:09,61,0.13435927574491524,0.28201038808474577,0.0683406545559322,0.0,0.0,0.04506564778135593,0.0,0.13435927574491524,0.28201038808474577,0.0683406545559322,0.0,0.0,0.04506564778135593,0.0,0.061202242327118656,0.028464343937288136,0.028464343937288136,0.5194733062050848,0.13052326059491526,0.3411924626779662,0.24501166957796613,0.0034341650720338983,0.0034341650720338983,0.0,0.0,0.05597062615677969,0.05597062615677969,0.03554289728728814,0.03554289728728814,0.1471342334762712,0.1471342334762712,0.02573013224915254,0.025313087469491524,0.04990758724745763,0.041852692157627124,0.020239307100847457,0.020239307100847457,0.3578785518949153,0.3578785518949153,0.10636423288728816,0.10636423288728816,0.06276004620508474,0.06276004620508474,0.06958977901694915,0.0,0.0,0.012567878357627118,0.056242223007627115,0.056242223007627115,0.0645366652838983,0.0645366652838983,4.536440677966103e-08,-0.06246820474915254,0.250765158461017,-0.02665799956440678,-0.026709542425423734,0.17240564500508476,-0.004649902467796611,0.055547855627118635,0.17246631013050848,0.009671532420338982
00:00:00:10,61,0.13452127256694915,0.28097667733728815,0.0682546821220339,0.0,0.0,0.04459560851694915,0.0,0.13452127256694915,0.28097667733728815,0.0682546821220339,0.0,0.0,0.04459560851694915,0.0,0.06731311506949153,0.028539110869491523,0.028539110869491523,0.5686852305847457,0.14067905865932204,0.4053796681254237,0.2839532590152542,0.0033719694144067796,0.0033719694144067796,0.0,0.0,0.07927245074491525,0.07927245074491525,0.035165517158474574,0.035165517158474574,0.16196145686101696,0.16196145686101696,0.02544465789661017,0.025020561547457628,0.050617046101694915,0.0463764001779661,0.019936639048305088,0.019936639048305088,0.36738516744745764,0.36738516744745764,0.1309973977533898,0.1309973977533898,0.05667415062542373,0.05667415062542373,0.07024548187118644,0.0,0.0,0.012388691523728814,0.05663480612118644,0.05663480612118644,0.06497112663305085,0.06497112663305085,7.470677966101692e-08,-0.06269444241016948,0.25392392075593223,-0.026599092744067798,-0.031217851676271183,0.17176408432372883,-0.005413752522033898,0.050945001705084744,0.17182468686949154,0.008837481315254237
00:00:00:11,61,0.13419799959915255,0.2816838720474576,0.06807640112457626,0.0,0.0,0.04413172640508475,0.0,0.13419799959915255,0.2816838720474576,0.06807640112457626,0.0,0.0,0.04413172640508475,0.0,0.07053061309661017,0.02842697354237288,0.02842697354237288,0.6112998239016949,0.14733588900847458,0.4424117495610169,0.31546093597118646,0.0031706320364406782,0.0031706320364406782,0.0,0.0,0.0948201722338983,0.0948201722338983,0.03464256584830508,0.03464256584830508,0.17171486681271186,0.17171486681271186,0.025216614111864405,0.02451350410338983,0.054218685757627116,0.05543016474237288,0.01968001186779661,0.01968001186779661,0.37105570432966106,0.37105570432966106,0.15237329886101694,0.15237329886101694,0.04895384989576271,0.04895384989576271,0.07119518189491526,0.0,0.0,0.012166398472881356,0.057089427416949154,0.057089427416949154,0.0655121527220339,0.0655121527220339,1.2978983050847458e-07,-0.06431083535762712,0.2575600920220339,-0.02619636931016949,-0.03637272621355932,0.17218894168305085,-0.006325536216949153,0.0455693366779661,0.17224936491694917,0.007923434655932203
00:00:00:12,61,0.13608112022796612,0.28935728816440676,0.06786257858050848,0.0,0.0,0.04357756972372881,0.0,0.13608112022796612,0.28935728816440676,0.06786257858050848,0.0,0.0,0.04357756972372881,0.0,0.07222223410338983,0.028031554115254237,0.028031554115254237,0.6379969402983051,0.1503280224762712,0.44843709116101693,0.3260039631644068,0.0028697726499999996,0.0028697726499999996,0.0,0.0,0.09554611465084745,0.09554611465084745,0.03409493984152542,0.03409493984152542,0.17853730335847456,0.17853730335847456,0.02503234166101695,0.023855797347457627,0.0585302392661017,0.06249187467796612,0.019450519213559322,0.019450519213559322,0.3757330848669492,0.3757330848669492,0.1675773802237288,0.1675773802237288,0.039142883511016933,0.039142883511016933,0.07335585510169493,0.0,0.0,0.011889290689830507,0.05756181698983051,0.05756181698983051,0.06608982087288134,0.06608982087288134,1.8462033898305093e-07,-0.0668827143983051,0.26070807695084747,-0.02500551933050847,-0.04042720321694916,0.1768774183101695,-0.007229837200000001,0.041189654471186436,0.17693746874745764,0.007356599262711864
00:00:00:13,61,0.13891654915847457,0.29873968508559323,0.06760909446864408,0.0,0.0,0.042951293559322035,0.0,0.13891654915847457,0.29873968508559323,0.06760909446864408,0.0,0.0,0.042951293559322035,0.0,0.07317170461016949,0.027300989521186442,0.027300989521186442,0.6609646667779662,0.1515257073338983,0.4285480546610169,0.32757576187966103,0.0025796008169491525,0.0025796008169491525,0.0,0.0,0.08152075185508474,0.08152075185508474,0.03356310818474577,0.03356310818474577,0.18349409443644066,0.18349409443644066,0.024910349808474574,0.023126483308474576,0.061476606962711865,0.06617624732203391,0.019241759411016947,0.019241759411016947,0.39275750113983054,0.39275750113983054,0.1780818036584746,0.1780818036584746,0.028263955558474572,0.028263955558474572,0.0767200276338983,0.0,0.0,0.011576388861016949,0.0579845629559322,0.0579845629559322,0.06670732703898305,0.06670732703898305,2.2574576271186443e-07,-0.06950453254237288,0.262545963479661,-0.02298856844237288,-0.0421699056,0.18261242596101696,-0.007785751161016949,0.03905772893559322,0.18267207731525423,0.007212181220338983
00:00:00:14,61,0.1431681830720339,0.3061593742923729,0.06733891545169492,0.0,0.0,0.04235689175762712,0.0,0.1431681830720339,0.3061593742923729,0.06733891545169492,0.0,0.0,0.04235689175762712,0.0,0.07350610586440677,0.026341413227966102,0.026341413227966102,0.6770438501101695,0.1483099417983051,0.40854807776271185,0.32311289944915256,0.0023157652305084743,0.0023157652305084743,0.0,0.0,0.06596414965847458,0.06596414965847458,0.03305048360338983,0.03305048360338983,0.1864665293144068,0.1864665293144068,0.024834003388135593,0.02237703480677966,0.06333337675254237,0.0682608841322034,0.019045055433050847,0.019045055433050847,0.40818094145677963,0.40818094145677963,0.1853246269601695,0.1853246269601695,0.02009513806016949,0.02009513806016949,0.08007705967118645,0.0,0.0,0.011246749091525423,0.05835830262711865,0.05835830262711865,0.06734369865423728,0.06734369865423728,2.183491525423729e-07,-0.07174345195593221,0.26259763160508476,-0.02074983582542373,-0.04246437568135593,0.18714754687288138,-0.008038746527118643,0.0383701790779661,0.18720686483728816,0.007265954559322034
00:00:00:15,61,0.148225784820339,0.3119177280245763,0.0671333793838983,0.0,0.0,0.041786230977118644,0.0,0.148225784820339,0.3119177280245763,0.0671333793838983,0.0,0.0,0.041786230977118644,0.0,0.07337807166949152,0.0254084092779661,0.0254084092779661,0.6884095991627118,0.1364984565338983,0.36455737534745764,0.2946915939338983,0.0021084925381355934,0.0021084925381355934,0.0,0.0,0.05226559256355933,0.05226559256355933,0.03256802676779661,0.03256802676779661,0.1897387086457627,0.1897387086457627,0.02474888796779661,0.02162321216101695,0.06434228562711865,0.0694265322898305,0.01882215771779661,0.01882215771779661,0.4292905007355932,0.4292905007355932,0.1919847233,0.1919847233,0.013689715998305086,0.013689715998305086,0.08403492617457627,0.0,0.0,0.010894986449152542,0.05868812159491525,0.05868812159491525,0.0682205434559322,0.0682205434559322,1.7807966101694916e-07,-0.0731853290559322,0.26131952519661017,-0.01859357958983051,-0.042079521059322035,0.19066700720847457,-0.008118961198305085,0.03845418239830509,0.19072601202033898,0.0074226722881355935
00:00:00:16,61,0.15197847104067796,0.31648023627881355,0.06696757955338983,0.0,0.0,0.04121410654661017,0.0,0.15197847104067796,0.31648023627881355,0.06696757955338983,0.0,0.0,0.04121410654661017,0.0,0.07318167107627119,0.024474351854237287,0.024474351854237287,0.6960307783627119,0.12953893540508474,0.3403827972322034,0.2787547272728813,0.0019273532110169488,0.0019273532110169488,0.0,0.0,0.04436782443474575,0.04436782443474575,0.032117785986440675,0.032117785986440675,0.1935130447220339,0.1935130447220339,0.024661475398305086,0.020900301235593218,0.06493616004067797,0.07007713233728814,0.01859569190254237,0.01859569190254237,0.4432213175322034,0.4432213175322034,0.19684623773898308,0.19684623773898308,0.0072217632576271115,0.0072217632576271115,0.08809720115084746,0.0,0.0,0.010544854615254236,0.05895433228983051,0.05895433228983051,0.06906675729152542,0.06906675729152542,1.331610169491525e-07,-0.07397586748305085,0.2590434420101695,-0.01638985074576271,-0.04134953542881356,0.19345543928644068,-0.008097829045762712,0.03894177176440678,0.19351419147457627,0.007629418840677966
00:00:00:17,61,0.1540162866322034,0.3186938348398305,0.06684538134237289,0.0,0.0,0.040645835950847455,0.0,0.1540162866322034,0.3186938348398305,0.06684538134237289,0.0,0.0,0.040645835950847455,0.0,0.0730273751559322,0.02361567635677966,0.02361567635677966,0.7008261226288136,0.12641754543559322,0.3346974975661017,0.27322003700508474,0.0017422547567796606,0.0017422547567796606,0.0,0.0,0.04070054631101694,0.04070054631101694,0.03169717432033898,0.03169717432033898,0.19583810610254238,0.19583810610254238,0.024582979916949153,0.020219365428813557,0.06536036592033899,0.07049998122033899,0.018385889528813558,0.018385889528813558,0.4501308836644068,0.4501308836644068,0.2009640151627119,0.2009640151627119,0.002825854180508464,0.002825854180508464,0.09051070603559322,0.0,0.0,0.010211942186440677,0.05913860500932204,0.05913860500932204,0.06977845006355932,0.06977845006355932,9.762542372881347e-08,-0.07415566923050847,0.257629745120339,-0.014449539876271181,-0.04113141659491525,0.1948081547559322,-0.00811318209322034,0.038992111328813556,0.19486677518474577,0.007693819220338983
00:00:00:18,61,0.15523601385762711,0.31958202739237285,0.06673584026101695,0.0,0.0,0.04013548718135593,0.0,0.15523601385762711,0.31958202739237285,0.06673584026101695,0.0,0.0,0.04013548718135593,0.0,0.07292980457288135,0.02287971628559322,0.02287971628559322,0.7062174152491525,0.12476844451694916,0.3389971220745763,0.2727833158220339,0.0015704137415254236,0.0015704137415254236,0.0,0.0,0.03905279591440678,0.03905279591440678,0.031308963815254234,0.031308963815254234,0.19853167111101694,0.19853167111101694,0.024534719916949152,0.01959444702542373,0.0657149395338983,0.07079867553559321,0.01818921282033898,0.01818921282033898,0.45359300784067796,0.45359300784067796,0.20313659159491526,0.20313659159491526,0.00019641253813559053,0.00019641253813559053,0.09219603468983052,0.0011488375525423743,0.0011488375525423743,0.009905204549152542,0.0592711181720339,0.0592711181720339,0.07039281900254238,0.07039281900254238,9.064576271186441e-08,-0.07419328786101695,0.2566133606050848,-0.012545518357627116,-0.04062142015762712,0.1953505555559322,-0.008035523459322035,0.03936222836949153,0.19540914812711863,0.007789004877966102
00:00:00:19,61,0.15576720189322035,0.3180680626101695,0.06666713000508474,0.0,0.0,0.0396765791618644,0.0,0.15576720189322035,0.3180680626101695,0.06666713000508474,0.0,0.0,0.0396765791618644,0.0,0.0730785955,0.022343639053389833,0.022343639053389833,0.7112750865508475,0.12440150404406779,0.371242306459322,0.30437478678644064,0.0013979269347457629,0.0013979269347457629,0.0,0.0,0.039130987512711865,0.039130987512711865,0.030956897844915253,0.030956897844915253,0.2000789219355932,0.2000789219355932,0.024579033925423727,0.019054894381355932,0.06628863687627119,0.07120775181864407,0.018062743044915255,0.018062743044915255,0.45511290705169494,0.45511290705169494,0.20423019879745763,0.20423019879745763,0.0,0.0,0.09325330967118645,0.00455872267372881,0.00455872267372881,0.009653589661016948,0.0592996019440678,0.0592996019440678,0.07082831585254237,0.07082831585254237,9.986779661016948e-08,-0.07428254110677966,0.25650980359322034,-0.010767528037288136,-0.04088365412033899,0.1944247653542373,-0.008048064783050849,0.03903222901525424,0.19448327028474577,0.007686203798305085
00:00:00:20,61,0.1562965399762712,0.31826268236694916,0.06660155000338983,0.0,0.0,0.03932781088898305,0.0,0.1562965399762712,0.31826268236694916,0.06660155000338983,0.0,0.0,0.03932781088898305,0.0,0.07356133126271186,0.021959675779661018,0.021959675779661018,0.7136482061101695,0.12699972065254236,0.39251698779830513,0.3244274940152543,0.0012639524118644068,0.0012639524118644068,0.0,0.0,0.03998320975762712,0.03998320975762712,0.030633228142372883,0.030633228142372883,0.20100748198559323,0.20100748198559323,0.024700183144067796,0.01861152773559322,0.06782859750338983,0.07182485677966102,0.018066353012711867,0.018066353012711867,0.4556798495355932,0.4556798495355932,0.20494399930932206,0.20494399930932206,0.0,0.0,0.09386253808305085,0.006847883666949153,0.006847883666949153,0.009463851423728813,0.05939545253135593,0.05939545253135593,0.07122137226440678,0.07122137226440678,1.1815423728813562e-07,-0.07459662913898306,0.2575029513661017,-0.009981172822033898,-0.0407151080559322,0.1945434768677966,-0.008019935711864407,0.03912029754745763,0.19460187421694916,0.007708340710169491
00:00:00:21,61,0.1568602438661017,0.31864660802796607,0.06660839563898305,0.0,0.0,0.039042474514406775,0.0,0.1568602438661017,0.31864660802796607,0.06660839563898305,0.0,0.0,0.039042474514406775,0.0,0.07415955049322034,0.02166448295084746,0.02166448295084746,0.7149676367372881,0.13156484345254238,0.41576340444915255,0.3378592007474576,0.0011575630813559323,0.0011575630813559323,0.0,0.0,0.040993241283050846,0.040993241283050846,0.030333977133898307,0.030333977133898307,0.20152267979067795,0.20152267979067795,0.024868951618644067,0.01824693418983051,0.07000461282542374,0.07265181734576272,0.018171971499152544,0.018171971499152544,0.45530294111016945,0.45530294111016945,0.2052767121398305,0.2052767121398305,0.0,0.0,0.09432270545254237,0.008844523861864404,0.008844523861864404,0.009322382959322034,0.05952127988559322,0.05952127988559322,0.07151421909830508,0.07151421909830508,1.9593050847457617e-07,-0.07504736961355933,0.25890304731864405,-0.010199742930508474,-0.041033253611864405,0.19477829838983052,-0.008092569745762711,0.038806668486440675,0.19483667714237288,0.007656040866101695
00:00:00:22,61,0.15735625554067795,0.3187722154305085,0.06656609391610169,0.0,0.0,0.03878185004237288,0.0,0.15735625554067795,0.3187722154305085,0.06656609391610169,0.0,0.0,0.03878185004237288,0.0,0.0746799945220339,0.021399749644067795,0.021399749644067795,0.7164369952559322,0.13410259809830508,0.42363168675762713,0.3435377433152542,0.0010657350533898305,0.0010657350533898305,0.0,0.0,0.04182012144830509,0.04182012144830509,0.03007186362881356,0.03007186362881356,0.20207023910677965,0.20207023910677965,0.025056807411864404,0.017924340627118642,0.07133984527796611,0.07336391757796609,0.018286671440677964,0.018286671440677964,0.4546997976728814,0.4546997976728814,0.20534291269830507,0.20534291269830507,0.0,0.0,0.0947014899322034,0.010774827388135594,0.010774827388135594,0.009204766828813559,0.05960891897372882,0.05960891897372882,0.0717767291220339,0.0717767291220339,2.752559322033899e-07,-0.07559343708813558,0.26113658184745764,-0.010792983111864407,-0.04113350017966102,0.1948549232457627,-0.00811560693220339,0.038654511479661015,0.19491325164915255,0.0076291062
00:00:00:23,61,0.15779976457966102,0.31899300722711865,0.06652648451949153,0.0,0.0,0.03854307504915254,0.0,0.15779976457966102,0.31899300722711865,0.06652648451949153,0.0,0.0,0.03854307504915254,0.0,0.07501489755932203,0.021151377811864408,0.021151377811864408,0.7189393376898305,0.13589861334576273,0.4296688765915254,0.3466147502644068,0.0009512310211864405,0.0009512310211864405,0.0,0.0,0.042845061287288135,0.042845061287288135,0.029829179352542375,0.029829179352542375,0.2026380981220339,0.2026380981220339,0.025273894120338983,0.017636201759322033,0.07271218914576272,0.07409579846271187,0.018418849827118645,0.018418849827118645,0.4521872294983051,0.4521872294983051,0.2050954589559322,0.2050954589559322,0.0,0.0,0.09515477891186441,0.013149815155932207,0.013149815155932207,0.009106660910169491,0.05964133096016949,0.05964133096016949,0.07188097401864407,0.07188097401864407,3.708186440677968e-07,-0.07593872393559321,0.2630629403254237,-0.011496009047457628,-0.04152730465423729,0.194989826720339,-0.008199070728813559,0.03821111637118644,0.19504817936779661,0.0075470008644067796
00:00:00:24,61,0.1582688703101695,0.3191599658805085,0.06648500032457627,0.0,0.0,0.03833171973305085,0.0,0.1582688703101695,0.3191599658805085,0.06648500032457627,0.0,0.0,0.03833171973305085,0.0,0.07515725931525424,0.020886325922033898,0.020886325922033898,0.7246061442,0.13819372071525424,0.4381607386762712,0.3485693390864407,0.000835871555932203,0.000835871555932203,0.0,0.0,0.04399092756694915,0.04399092756694915,0.02961805338050847,0.02961805338050847,0.20329489533728812,0.20329489533728812,0.02551695588644068,0.017398002391525422,0.07366751046440678,0.07470722797966102,0.01855671923898305,0.01855671923898305,0.4487969743881356,0.4487969743881356,0.2042119548635593,0.2042119548635593,0.0,0.0,0.09566201108305085,0.015661052387288148,0.015661052387288148,0.009024810764406779,0.05962839348220339,0.05962839348220339,0.0719058875940678,0.0719058875940678,4.7246271186440683e-07,-0.07584909093559322,0.2649167377169491,-0.011894751210169491,-0.041934599449152545,0.1950918905864407,-0.008283906179661018,0.03775250143559322,0.19515016570338983,0.007460440759322034
00:00:00:25,61,0.15907262835593222,0.31959657295338983,0.06644835824322033,0.0,0.0,0.038124011253389836,0.0,0.15907262835593222,0.31959657295338983,0.06644835824322033,0.0,0.0,0.038124011253389836,0.0,0.07517320408135594,0.020620811547457627,0.020620811547457627,0.7332337771457627,0.14114265704067797,0.443888741059322,0.3502960321135593,0.0007284012338983051,0.0007284012338983051,0.0,0.0,0.04539638451779661,0.04539638451779661,0.029434843116101693,0.029434843116101693,0.20462775168474578,0.20462775168474578,0.02576166805254237,0.017212114422033898,0.07440207407457627,0.07516110019661017,0.018689252201694914,0.018689252201694914,0.4469472816576271,0.4469472816576271,0.20178339010932203,0.20178339010932203,0.0,0.0,0.09644099631694915,0.020312328136440683,0.020312328136440683,0.008954062466101694,0.05960190301779661,0.05960190301779661,0.07193770929915255,0.07193770929915255,4.709610169491525e-07,-0.07551736105084746,0.2669246979881356,-0.011841655091525424,-0.04239116844237288,0.19535886382033898,-0.008385763474576272,0.037247823316949154,0.19541711118474575,0.0073711234033898305
00:00:00:26,61,0.16214351053728815,0.31981496286355937,0.06638818471440679,0.0,0.0,0.03801717791864407,0.0,0.16214351053728815,0.31981496286355937,0.06638818471440679,0.0,0.0,0.03801717791864407,0.0,0.0749816692559322,0.02036400402542373,0.02036400402542373,0.7507886563118644,0.14373978040677968,0.44639846075084744,0.35130481345254233,0.000679493993220339,0.000679493993220339,0.0,0.0,0.04743902970932203,0.04743902970932203,0.029289140069491525,0.029289140069491525,0.20812002894745762,0.20812002894745762,0.02602604833898305,0.01708088220338983,0.07488475423559322,0.07537810292711863,0.018770314216949153,0.018770314216949153,0.4457062886822034,0.4457062886822034,0.19669339112542372,0.19669339112542372,0.0,0.0,0.09764815718135593,0.02641438295932203,0.02641438295932203,0.008880427344067797,0.05960027639745763,0.05960027639745763,0.0719705691398305,0.0719705691398305,4.279135593220339e-07,-0.07516666134237288,0.26870456081525423,-0.011340810915254237,-0.04495816675254237,0.1954951346762712,-0.008900370966101695,0.03460668841525424,0.19555331945084745,0.0068526847728813565
00:00:00:27,61,0.1676132448983051,0.32114562241779665,0.07002801209406781,0.004069837125423742,0.0,0.03826286522033898,0.0,0.1676132448983051,0.32114562241779665,0.07002801209406781,0.004069837125423742,0.0,0.03826286522033898,0.0,0.07465531563220339,0.020107215727118644,0.020107215727118644,0.761326337261017,0.1457726548983051,0.44779192338813556,0.3518490351677966,0.0007140895576271187,0.0007140895576271187,0.0,0.0,0.04839385216016949,0.04839385216016949,0.02915936401355932,0.02915936401355932,0.21346698966271188,0.21346698966271188,0.026299402549152542,0.016994715027118645,0.0752033481338983,0.07543416157118643,0.018819038198305084,0.018819038198305084,0.4449239565194915,0.4449239565194915,0.19073501204067794,0.19073501204067794,0.0,0.0,0.09850300392711864,0.029550032962711865,0.029550032962711865,0.0088002459,0.059627591926271185,0.059627591926271185,0.07190187112796612,0.07190187112796612,3.661576271186439e-07,-0.07511335230508474,0.27021636497118645,-0.010637695525423728,-0.06514815671186447,0.1964107029576271,-0.012964773844067808,0.01389051064915249,0.19646856946101696,0.0027489338677965996
00:00:00:28,61,0.16922056042881356,0.3198353706118644,0.08365575021525426,0.01853467805169494,0.0,0.03889548424237288,0.0,0.16922056042881356,0.3198353706118644,0.08365575021525426,0.01853467805169494,0.0,0.03889548424237288,0.0,0.07430988727118644,0.01978563704322034,0.01978563704322034,0.7692439545915254,0.15005322940677968,0.4498369633135593,0.3522546382220339,0.0007446108127118644,0.0007446108127118644,0.0,0.0,0.04923814935677966,0.04923814935677966,0.02900875719915254,0.02900875719915254,0.2192487037381356,0.2192487037381356,0.026583301233898307,0.016949422308474578,0.07541531287118644,0.0753543790881356,0.018851301145762712,0.018851301145762712,0.4441816579669492,0.4441816579669492,0.18210343219322034,0.18210343219322034,0.0,0.0,0.09922758109661017,0.03167748361864407,0.03167748361864407,0.008721012888135593,0.05966765882372881,0.05966765882372881,0.07164144885338983,0.07164144885338983,3.0598644067796613e-07,-0.07552707853898305,0.2724342644152542,-0.010495310330508474,-0.10026714774745765,0.19588020065423728,-0.019840412883050853,-0.02221486059152545,0.1959375115220339,-0.004389994859322039
00:00:00:29,61,0.1671507770101695,0.3137518796186441,0.09799502676610171,0.033337543758474586,0.0,0.03952766993728814,0.0,0.1671507770101695,0.3137518796186441,0.09799502676610171,0.033337543758474586,0.0,0.03952766993728814,0.0,0.07400884339322034,0.019455298868644066,0.019455298868644066,0.7726744645474576,0.15527317991864406,0.4524671001,0.352829414879661,0.0007587126161016949,0.0007587126161016949,0.0,0.0,0.05016757534661018,0.05016757534661018,0.028864309602542375,0.028864309602542375,0.22192855482457627,0.22192855482457627,0.026869758169491526,0.016934212020338985,0.07562962995932203,0.07525418648135594,0.01889574296440678,0.01889574296440678,0.44328473431949156,0.44328473431949156,0.1762580446,0.1762580446,0.0,0.0,0.0997851499779661,0.03322908356101695,0.03322908356101695,0.00866039320338983,0.05970032230338983,0.05970032230338983,0.07133591178050847,0.07133591178050847,3.4176610169491527e-07,-0.07563070400338984,0.27508962402881354,-0.011212019594915254,-0.11753687328305086,0.1923835507355932,-0.022829304916949154,-0.03998020527288137,0.19244072724067796,-0.007778484201694917
00:00:00:30,61,0.16146230530423727,0.3085723087466102,0.10393455283898305,0.03946098495,0.0,0.0401257781838983,0.0,0.16146230530423727,0.3085723087466102,0.10393455283898305,0.03946098495,0.0,0.0401257781838983,0.0,0.07377703374745763,0.019136675588135595,0.019136675588135595,0.7745193899305085,0.1581833610338983,0.4537714977661017,0.3533845680288136,0.0007504763101694916,0.0007504763101694916,0.0,0.0,0.05100721349915255,0.05100721349915255,0.02871839801440678,0.02871839801440678,0.22378653577881355,0.22378653577881355,0.027117352910169493,0.016919680638983053,0.07579512046440678,0.07511616160847458,0.018940293379661015,0.018940293379661015,0.44276810195423727,0.44276810195423727,0.17345723269322033,0.17345723269322033,0.0,0.0,0.10024672973220339,0.034525251488983055,0.034525251488983055,0.00860831777457627,0.05970674831440678,0.05970674831440678,0.07102331616101695,0.07102331616101695,3.742372881355932e-07,-0.07527278972033899,0.27756937476779664,-0.012466483144067795,-0.12473510055254237,0.18931923173559323,-0.023832716962711865,-0.04735037840338983,0.1893764004118644,-0.009070297549152543
00:00:00:31,61,0.15655472531440676,0.30476217375000003,0.10985618059491528,0.04557631935677969,0.0,0.040729682222881355,0.0,0.15655472531440676,0.30476217375000003,0.10985618059491528,0.04557631935677969,0.0,0.040729682222881355,0.0,0.07360428253728814,0.018837906686440677,0.018837906686440677,0.7755514676423729,0.16039840699322033,0.4547951044745763,0.3540487152898305,0.0007259194627118643,0.0007259194627118643,0.0,0.0,0.05162051805677967,0.05162051805677967,0.028584261631355933,0.028584261631355933,0.22498836064152544,0.22498836064152544,0.02733875149322034,0.016918541340677967,0.07592606052542374,0.07494603629322034,0.018994397677966103,0.018994397677966103,0.4424570561355932,0.4424570561355932,0.1716827036576271,0.1716827036576271,0.0,0.0,0.10057021349152542,0.035565134636440676,0.035565134636440676,0.008563947205084745,0.059707562005932205,0.059707562005932205,0.07070527636101695,0.07070527636101695,3.9925084745762726e-07,-0.07475030373389831,0.2796509386864407,-0.013666293967796613,-0.13190030270169495,0.18710590824406778,-0.024889294437288143,-0.05471236050508479,0.18716303242542373,-0.01035122500677967
00:00:00:32,61,0.15366119587288135,0.30454457436016946,0.11547192629661017,0.05138088686355933,0.0,0.04128857618898305,0.0,0.15366119587288135,0.30454457436016946,0.11547192629661017,0.05138088686355933,0.0,0.04128857618898305,0.0,0.07355045688135593,0.01856683407118644,0.01856683407118644,0.775961511259322,0.163234171220339,0.45736686610338984,0.3580654409542373,0.0006879197152542372,0.0006879197152542372,0.0,0.0,0.05218628095847458,0.05218628095847458,0.0284703242440678,0.0284703242440678,0.2257660821822034,0.2257660821822034,0.02755154679661017,0.016938299684745764,0.07612332371864407,0.0748244433338983,0.019090668944915255,0.019090668944915255,0.44219263278050847,0.44219263278050847,0.17039917081016948,0.17039917081016948,0.0,0.0,0.10069206872033898,0.03636435289322035,0.03636435289322035,0.008537485149152542,0.05969231556779661,0.05969231556779661,0.0703855776220339,0.0703855776220339,3.8171694915254227e-07,-0.07421322206440678,0.28086282083728814,-0.014057043684745762,-0.13864510744237288,0.1870957789898305,-0.026157931906779664,-0.06168003948135594,0.18715284660169493,-0.011673434123728815
00:00:00:33,61,0.15184306807118644,0.30530266763135594,0.11624977952372881,0.05216628426016949,0.0,0.04174579197711864,0.0,0.15184306807118644,0.30530266763135594,0.11624977952372881,0.05216628426016949,0.0,0.04174579197711864,0.0,0.0736218799457627,0.01834052287118644,0.01834052287118644,0.7739959561644068,0.16662165475254237,0.4746412044016949,0.3644232097881356,0.0006600020949152543,0.0006600020949152543,0.0,0.0,0.05267133369915254,0.05267133369915254,0.028358224683050846,0.028358224683050846,0.22607829836694915,0.22607829836694915,0.02774746953220339,0.0169705404440678,0.07648410504745763,0.07486715208644067,0.019263684597457628,0.019263684597457628,0.4419431837771186,0.4419431837771186,0.16954565956440676,0.16954565956440676,0.0,0.0,0.1006503641440678,0.036980649154237294,0.036980649154237294,0.008530406440677967,0.05967503175254237,0.05967503175254237,0.0700783889,0.0700783889,3.275813559322034e-07,-0.07412973618305085,0.28138828228474577,-0.014003606172881355,-0.13956706754745762,0.18757898170169493,-0.0263992176220339,-0.06261744110169491,0.18763604837118644,-0.01188080123220339
00:00:00:34,61,0.1505838426983051,0.3052852323084746,0.11747301484067799,0.05342469566440679,0.0,0.042153993482203396,0.0,0.1505838426983051,0.3052852323084746,0.11747301484067799,0.05342469566440679,0.0,0.042153993482203396,0.0,0.07372435840508475,0.018146576750847458,0.018146576750847458,0.7725151292338983,0.16887217688644068,0.4844350521694915,0.36816304009152545,0.000652367629661017,0.000652367629661017,0.0,0.0,0.05315481488389831,0.05315481488389831,0.0282582612,0.0282582612,0.22639654422457628,0.22639654422457628,0.02791334138983051,0.01700331866101695,0.07679815061355932,0.07488367809830508,0.019429745555084747,0.019429745555084747,0.44185031192457624,0.44185031192457624,0.1688594632381356,0.1688594632381356,0.0,0.0,0.10057408843559322,0.037525246999152544,0.037525246999152544,0.00852620893220339,0.05965554832966101,0.05965554832966101,0.06983034230338983,0.06983034230338983,2.5631186440677924e-07,-0.07463433685084746,0.2821706028372882,-0.013942107527118644,-0.14103589142033898,0.18759714751694914,-0.026677718318644073,-0.06412790503050848,0.1876541537881356,-0.012168179500000003
00:00:00:35,61,0.14973091511186443,0.3065915741779661,0.11736477483050847,0.05329932838813559,0.0,0.04246246865338983,0.0,0.14973091511186443,0.3065915741779661,0.11736477483050847,0.05329932838813559,0.0,0.04246246865338983,0.0,0.07370992649322033,0.017959752916949154,0.017959752916949154,0.7722128124271187,0.17068556636440677,0.4858626157220339,0.3705753199084746,0.0006651389245762711,0.0006651389245762711,0.0,0.0,0.05368959768898306,0.05368959768898306,0.028195182371186442,0.028195182371186442,0.22671648203644068,0.22671648203644068,0.02808931673898305,0.017058502627118645,0.07706972096271186,0.07484602710847457,0.019568978512711867,0.019568978512711867,0.4415282134822034,0.4415282134822034,0.1672828206144068,0.1672828206144068,0.0,0.0,0.10067852610338983,0.03873952214491526,0.03873952214491526,0.008525483759322034,0.059608256612711866,0.059608256612711866,0.06959456944237288,0.06959456944237288,1.8766101694915265e-07,-0.07550817422372881,0.2827088944,-0.013844396049152543,-0.14088473253220338,0.18839699990338982,-0.02676546412881356,-0.06396771195932204,0.18845400513728813,-0.012190624269491525
00:00:00:36,61,0.14915238612372883,0.3068815790542373,0.11822272900593221,0.05419556340762712,0.0,0.04276526453135593,0.0,0.14915238612372883,0.3068815790542373,0.11822272900593221,0.05419556340762712,0.0,0.04276526453135593,0.0,0.07364447743898304,0.017799794709322032,0.017799794709322032,0.7722971823559323,0.17198691758983053,0.48604678047288136,0.37212944481525423,0.0006721285525423729,0.0006721285525423729,0.0,0.0,0.05435221787288136,0.05435221787288136,0.02815495069322034,0.02815495069322034,0.22705510575847457,0.22705510575847457,0.028275615654237286,0.017124287472881358,0.07732834980338983,0.07480349417796611,0.019697425305084747,0.019697425305084747,0.4411279801516949,0.4411279801516949,0.1660403620440678,0.1660403620440678,0.0,0.0,0.10077033542881356,0.039633573983050854,0.039633573983050854,0.008528958840677966,0.05958015812627118,0.05958015812627118,0.06939949486949153,0.06939949486949153,1.270762711864406e-07,-0.07644229101864407,0.28244217729152543,-0.01357902394915254,-0.14190978495423728,0.1885958111542373,-0.026988102311864406,-0.06504096951525425,0.1886527982881356,-0.012408426889830508
00:00:00:37,61,0.14859700442881357,0.3067107258661017,0.1173636040822034,0.05331641108898305,0.0,0.04303086796016949,0.0,0.14859700442881357,0.3067107258661017,0.1173636040822034,0.05331641108898305,0.0,0.04303086796016949,0.0,0.07350538215084745,0.01763897545,0.01763897545,0.7726447420440679,0.17382008566101695,0.48591575434067796,0.3738985673135593,0.0007011056423728814,0.0007011056423728814,0.0,0.0,0.05501142622881357,0.05501142622881357,0.028143989705084745,0.028143989705084745,0.22735923336355934,0.22735923336355934,0.02849025721355932,0.017216473049152543,0.07759938632881355,0.07476057378135592,0.019829014847457627,0.019829014847457627,0.44047884260762715,0.44047884260762715,0.1648197900423729,0.1648197900423729,0.0,0.0,0.10070837110338983,0.04008899203898306,0.04008899203898306,0.0085474632,0.059567992704237294,0.059567992704237294,0.0693038478220339,0.0693038478220339,1.0295762711864408e-07,-0.07722459925593221,0.28184016224406777,-0.012971254522033899,-0.14088137194067796,0.18847038940508473,-0.02677569835932203,-0.06398730257966101,0.18852733202033897,-0.012199423822033898
00:00:00:38,61,0.14817695304745765,0.30641043213559327,0.11902054083644067,0.05503789524915254,0.0,0.043349701194067794,0.0,0.14817695304745765,0.30641043213559327,0.11902054083644067,0.05503789524915254,0.0,0.043349701194067794,0.0,0.07320243028644068,0.017441841364406782,0.017441841364406782,0.7782173055627118,0.17717952163050849,0.48563457246271186,0.3750149834898305,0.0007407017025423729,0.0007407017025423729,0.0,0.0,0.058305878576271175,0.058305878576271175,0.028173083916101696,0.028173083916101696,0.22825591076101695,0.22825591076101695,0.028747239323728812,0.01735915994745763,0.07777719576101695,0.07458973135932204,0.01992708125423729,0.01992708125423729,0.43942408545338985,0.43942408545338985,0.16066080433305086,0.16066080433305086,0.0,0.0,0.10060383181186441,0.04041897706101695,0.04041897706101695,0.008573411144067795,0.05954137461271186,0.05954137461271186,0.06925698821101695,0.06925698821101695,1.3362711864406772e-07,-0.07810493180677966,0.28097281567966104,-0.012335433001694917,-0.14287519098644066,0.18832569707118646,-0.027130518262711862,-0.06605536765254236,0.18838269002372882,-0.012583163618644068
00:00:00:39,61,0.14832866835084746,0.31001651363559324,0.15502631816525433,0.0925042248101696,0.0,0.044762467892372884,0.0,0.14832866835084746,0.31001651363559324,0.15502631816525433,0.0925042248101696,0.0,0.044762467892372884,0.0,0.07285666501525424,0.017171732842372882,0.017171732842372882,0.781223636518644,0.17912235985762712,0.4788689027745762,0.3753525579,0.0007647044788135594,0.0007647044788135594,0.0,0.0,0.05989779859661018,0.05989779859661018,0.02817931376355932,0.02817931376355932,0.2300543086898305,0.2300543086898305,0.02899947117457627,0.017492763652542372,0.07786902940508475,0.07435891181016949,0.01997195388644068,0.01997195388644068,0.43837080265677963,0.43837080265677963,0.15640304730254234,0.15640304730254234,0.0,0.0,0.10036918576101694,0.039934609603389834,0.039934609603389834,0.008579432215254238,0.05959804601440678,0.05959804601440678,0.06909312536355933,0.06909312536355933,1.6352542372881365e-07,-0.07895639151864407,0.2804198683881356,-0.011495890462711864,-0.18601350712542386,0.19162319317966103,-0.03586609741525427,-0.11096219074406793,0.1916794137661017,-0.021488357042372903
00:00:00:40,61,0.14787819474661018,0.30797357682966103,0.17484913036271188,0.11321353027881356,0.0,0.04579179529915254,0.0,0.14787819474661018,0.30797357682966103,0.17484913036271188,0.11321353027881356,0.0,0.04579179529915254,0.0,0.07229967690847457,0.016882875712711864,0.016882875712711864,0.7847838128559322,0.18002426247966102,0.472875354679661,0.37269784029491526,0.0007409724889830508,0.0007409724889830508,0.0,0.0,0.06125052824491525,0.06125052824491525,0.028175231165254236,0.028175231165254236,0.23193498977881355,0.23193498977881355,0.02923853365084746,0.01758091102372881,0.07787941071694915,0.07409471895932203,0.019944841900000003,0.019944841900000003,0.43454432057542375,0.43454432057542375,0.15403190835508473,0.15403190835508473,0.0,0.0,0.10014529401355932,0.03929503091440678,0.03929503091440678,0.0085737677,0.0596100059279661,0.0596100059279661,0.068927708820339,0.068927708820339,2.1474237288135594e-07,-0.08014827360677966,0.281410258240678,-0.011341225322033898,-0.20984344513898306,0.19111484644406782,-0.04028009030508475,-0.13582786892881354,0.19117066766271185,-0.02620004576101695
00:00:00:41,61,0.14571928573050846,0.3040073589974576,0.18024135999067797,0.11885553635847458,0.0,0.046649896606779664,0.0,0.14571928573050846,0.3040073589974576,0.18024135999067797,0.11885553635847458,0.0,0.046649896606779664,0.0,0.07167130931864406,0.016562380636440676,0.016562380636440676,0.7875610215966101,0.18034633108305084,0.4660064421762712,0.3671047657474576,0.0006892713271186438,0.0006892713271186438,0.0,0.0,0.06229196794406781,0.06229196794406781,0.02817372014745763,0.02817372014745763,0.23415060467966103,0.23415060467966103,0.029449211477966104,0.017643171098305085,0.07779482398644068,0.07378203892711864,0.019874442666949155,0.019874442666949155,0.43270258200593215,0.43270258200593215,0.15262206300847458,0.15262206300847458,0.0,0.0,0.0999382296559322,0.0385204146898305,0.0385204146898305,0.008559322757627118,0.059608691502542374,0.059608691502542374,0.06880002475338984,0.06880002475338984,2.2932711864406774e-07,-0.08121224445423729,0.2818777329084746,-0.011348298116949153,-0.21641225634067796,0.18887918956779662,-0.041023591527118645,-0.14266063200508475,0.1889350591101695,-0.027179704779661015
00:00:00:42,61,0.141688265820339,0.3012205710991525,0.18098114253474576,0.11960892267372882,0.0,0.04734098133220339,0.0,0.141688265820339,0.3012205710991525,0.18098114253474576,0.11960892267372882,0.0,0.04734098133220339,0.0,0.07099232358983051,0.0162275367279661,0.0162275367279661,0.7891653806610169,0.18034372366610169,0.4568322043016949,0.36060006534067796,0.0006340211983050849,0.0006340211983050849,0.0,0.0,0.06314669593728814,0.06314669593728814,0.028175676405084747,0.028175676405084747,0.23552376083050847,0.23552376083050847,0.029636206098305085,0.01768536608474576,0.07764912369152542,0.07343831152372882,0.019757276712711866,0.019757276712711866,0.43076455215,0.43076455215,0.1515318562101695,0.1515318562101695,0.0,0.0,0.09974519796101695,0.03783938492881356,0.03783938492881356,0.008540165405084746,0.059536561560169496,0.059536561560169496,0.06864993934152543,0.06864993934152543,2.2019830508474577e-07,-0.08179342608474577,0.2815964757423729,-0.011374747513559321,-0.21736959030677966,0.18717970965932204,-0.0408229459779661,-0.14361116495762713,0.18723563365932203,-0.02710771981016949
00:00:00:43,61,0.1365427850966102,0.30079142042033896,0.1821756294516949,0.12083611310084744,0.0,0.04783707862118644,0.0,0.1365427850966102,0.30079142042033896,0.1821756294516949,0.12083611310084744,0.0,0.04783707862118644,0.0,0.07032954789830508,0.015870833994067798,0.015870833994067798,0.7903491864457628,0.18002644988983052,0.44762517888135595,0.3561836016,0.0005603511838983055,0.0005603511838983055,0.0,0.0,0.06380418087033898,0.06380418087033898,0.028185772127118643,0.028185772127118643,0.23666754090254238,0.23666754090254238,0.029795742894915253,0.017702711049152543,0.0775284250779661,0.07313900291016949,0.01963471497118644,0.01963471497118644,0.4296614952161017,0.4296614952161017,0.15080859953305087,0.15080859953305087,0.0,0.0,0.09949522165423728,0.03684886958050848,0.03684886958050848,0.008517835930508474,0.05941189468559322,0.05941189468559322,0.06850541136779661,0.06850541136779661,2.16749152542373e-07,-0.08189278185084746,0.2808450531169492,-0.011884512772881356,-0.21881452833050846,0.18696355368474576,-0.041041075386440674,-0.1450912502711864,0.18701948046271186,-0.02735257422711864
00:00:00:44,61,0.13234170652203392,0.30040302843728817,0.18437451048220338,0.12310685560084746,0.0,0.048245504846610165,0.0,0.13234170652203392,0.30040302843728817,0.18437451048220338,0.12310685560084746,0.0,0.048245504846610165,0.0,0.06975607599322034,0.015511144961864407,0.015511144961864407,0.7910036939508475,0.18001273323898304,0.4450220803966102,0.35459479636949154,0.00046414004661016943,0.00046414004661016943,0.0,0.0,0.06438768845847458,0.06438768845847458,0.02820629012542373,0.02820629012542373,0.2374024037516949,0.2374024037516949,0.029965213481355932,0.01773700816779661,0.07748286285762711,0.0728904699338983,0.01955480721525424,0.01955480721525424,0.4284586603347458,0.4284586603347458,0.1498018134635593,0.1498018134635593,0.0,0.0,0.09918970434237288,0.035672339314406776,0.035672339314406776,0.008514413459322034,0.059266188797457625,0.059266188797457625,0.06830219980338983,0.06830219980338983,1.9240338983050846e-07,-0.0818256346542373,0.2796054623881356,-0.012048024359322035,-0.22146459683559322,0.18681598823728812,-0.041496093938983056,-0.14782322763728814,0.18687190238813559,-0.02784127668474576
00:00:00:45,61,0.13051302565932205,0.3003018667542373,0.18493636484152542,0.12369574317966102,0.0,0.04869545202711864,0.0,0.13051302565932205,0.3003018667542373,0.18493636484152542,0.12369574317966102,0.0,0.04869545202711864,0.0,0.06914031459152542,0.015169681683898305,0.015169681683898305,0.7917978733169492,0.1804441751559322,0.4476590697,0.35456069644915256,0.00036307575338983064,0.00036307575338983064,0.0,0.0,0.06500934854067797,0.06500934854067797,0.028242835847457626,0.028242835847457626,0.2379891528898305,0.2379891528898305,0.030173200620338982,0.017811051386440676,0.07748213320508474,0.0726366045559322,0.019510201895762712,0.019510201895762712,0.4262328731525424,0.4262328731525424,0.14776360141355932,0.14776360141355932,0.0,0.0,0.09892445687288136,0.034947126161864406,0.034947126161864406,0.008525800674576272,0.059138715970338984,0.059138715970338984,0.06804459183220338,0.06804459183220338,1.9669152542372878e-07,-0.081948062,0.2790104635762712,-0.012221187847457626,-0.22214177931525425,0.18677762605762713,-0.04161222200847458,-0.1485317458101695,0.1868334950322034,-0.02796802483559322
00:00:00:46,61,0.12932501389830509,0.30018363943559323,0.18336338665847457,0.12202551494915254,0.0,0.0490766063559322,0.0,0.12932501389830509,0.30018363943559323,0.18336338665847457,0.12202551494915254,0.0,0.0490766063559322,0.0,0.06854328818135592,0.014845304363559322,0.014845304363559322,0.7926624821576271,0.1832813249627119,0.4582075502152543,0.36245570141864414,0.00024169890084745722,0.00024169890084745722,0.0,0.0,0.06562652565254237,0.06562652565254237,0.028289938289830507,0.028289938289830507,0.2382497345576271,0.2382497345576271,0.03043870967457627,0.017920710833898304,0.07761731859491526,0.07247816788135593,0.019517071165254238,0.019517071165254238,0.42202043660169486,0.42202043660169486,0.1459778258,0.1459778258,0.0,0.0,0.09856963949661017,0.03425426542457627,0.03425426542457627,0.008559589338983051,0.059043946600847455,0.059043946600847455,0.06780629596271187,0.06780629596271187,2.2509830508474587e-07,-0.08235430782033898,0.2790340245525424,-0.012169011928813558,-0.22025592926101695,0.18663568567457628,-0.041232889323728816,-0.14652902164406778,0.1866916496423729,-0.027572216537288138
00:00:00:47,61,0.12850307569322034,0.3008708292084746,0.18319335101694914,0.12184253675847458,0.0,0.04941011241525424,0.0,0.12850307569322034,0.3008708292084746,0.18319335101694914,0.12184253675847458,0.0,0.04941011241525424,0.0,0.06811308291525422,0.014576315579661017,0.014576315579661017,0.7928295428508474,0.18924059153050848,0.4683502291016949,0.37831209420338985,0.0001196600499999998,0.0001196600499999998,0.0,0.0,0.0660501641957627,0.0660501641957627,0.02833024002881356,0.02833024002881356,0.23810407643305084,0.23810407643305084,0.030721877742372884,0.018062103871186442,0.07787204257627119,0.07241123881186441,0.019582979043220337,0.019582979043220337,0.41835285143898304,0.41835285143898304,0.14444590549237288,0.14444590549237288,0.0,0.0,0.09810870769491525,0.033503429096610166,0.033503429096610166,0.008611926486440678,0.05899715242288135,0.05899715242288135,0.06753429538983051,0.06753429538983051,2.560169491525424e-07,-0.08274309805932203,0.2795087406881356,-0.011687505944067795,-0.22003458818474575,0.18705530518644067,-0.041286722050847456,-0.14629777712711864,0.1871112655525424,-0.027592192601694914
00:00:00:48,61,0.12788921381355933,0.30072620309661013,0.1823966864338983,0.12102930815677966,0.0,0.0497122842220339,0.0,0.12788921381355933,0.30072620309661013,0.1823966864338983,0.12102930815677966,0.0,0.0497122842220339,0.0,0.06774412283050847,0.014289531922033897,0.014289531922033897,0.7931657595220339,0.19229172498135594,0.4717080598101695,0.38276480768813564,3.3689082203389565e-05,3.3689082203389565e-05,0.0,0.0,0.0665352994483051,0.0665352994483051,0.02836943626101695,0.02836943626101695,0.23808858505,0.23808858505,0.030976697789830508,0.018224556467796613,0.07800588834915255,0.07223614610677966,0.01962261471440678,0.01962261471440678,0.41688561036101696,0.41688561036101696,0.1427056938415254,0.1427056938415254,0.0,0.0,0.0977198510440678,0.03296167788305085,0.03296167788305085,0.008656353310169493,0.05893358218559322,0.05893358218559322,0.06727003724237288,0.06727003724237288,2.8208813559322044e-07,-0.08274878545932204,0.28028286158644067,-0.011193919499999996,-0.21908157861864408,0.18693169828135592,-0.041083243684745765,-0.14532416049322036,0.18698764854576272,-0.02739147053050847
00:00:00:49,61,0.1272951622084746,0.29884314638474574,0.18004230877881353,0.11854367274322031,0.0,0.04993317723474576,0.0,0.1272951622084746,0.29884314638474574,0.18004230877881353,0.11854367274322031,0.0,0.04993317723474576,0.0,0.06727710627627118,0.013989043789830506,0.013989043789830506,0.7945091704067797,0.1937329200898305,0.46639852149999994,0.38000549906779657,1.1286350847457625e-05,1.1286350847457625e-05,0.0,0.0,0.06711215220423729,0.06711215220423729,0.028417152096610172,0.028417152096610172,0.23826735467457627,0.23826735467457627,0.031202240705084747,0.018390326406779664,0.07797494723559323,0.07192364332881356,0.019595926642372884,0.019595926642372884,0.4159244026194915,0.4159244026194915,0.14067724955,0.14067724955,0.0,0.0,0.09751072737627119,0.03285383153813559,0.03285383153813559,0.008689812952542373,0.058820077533898306,0.058820077533898306,0.0670712240542373,0.0670712240542373,2.813847457627117e-07,-0.08238714099661017,0.2811182984644068,-0.01072706491355932,-0.21630006978813557,0.1856640817542373,-0.040292100403389826,-0.14237107488813558,0.18572012394406778,-0.026656026489830502
00:00:00:50,61,0.12725887609830508,0.29847557763220334,0.16035725100762713,0.09794609563305087,0.0,0.049986085402542374,0.0,0.12725887609830508,0.29847557763220334,0.16035725100762713,0.09794609563305087,0.0,0.049986085402542374,0.0,0.06684018077118645,0.013723327366101695,0.013723327366101695,0.7960198188067796,0.19613895201525422,0.4676763622322034,0.37930532130508476,1.9871059322033885e-05,1.9871059322033885e-05,0.0,0.0,0.06772966989067797,0.06772966989067797,0.028470569888135594,0.028470569888135594,0.2382599945,0.2382599945,0.03143851927457627,0.018576876223728816,0.07797686566949152,0.0716364951898305,0.019582511871186443,0.019582511871186443,0.4151976209872882,0.4151976209872882,0.13917388401779662,0.13917388401779662,0.0,0.0,0.09736177839322034,0.03308588754322034,0.03308588754322034,0.008733149583050848,0.05870103859661017,0.05870103859661017,0.06696411187966102,0.06696411187966102,2.416084745762712e-07,-0.08197176989152542,0.2813722607254237,-0.010356228327118643,-0.19266601689322035,0.18470833338135595,-0.035751252593220345,-0.11764780923389834,0.18476474332711865,-0.0219273595440678
00:00:00:51,61,0.12774564222542373,0.2989192761381356,0.1398805791474576,0.07655225415,0.0,0.04990537212118644,0.0,0.12774564222542373,0.2989192761381356,0.1398805791474576,0.07655225415,0.0,0.04990537212118644,0.0,0.06650218066440677,0.013485231005932203,0.013485231005932203,0.7967226272830509,0.20104795597457628,0.47810215465932204,0.3850798192542373,6.636827627118652e-05,6.636827627118652e-05,0.0,0.0,0.0687334738440678,0.0687334738440678,0.028538469077966103,0.028538469077966103,0.23793787633813557,0.23793787633813557,0.0317366430220339,0.018818725455932203,0.07813067683220339,0.07144591542372881,0.019633702150847455,0.019633702150847455,0.41450927166864404,0.41450927166864404,0.13775095254067796,0.13775095254067796,0.0,0.0,0.09719811014745763,0.03346858010338983,0.03346858010338983,0.008804358137288136,0.05861511971440678,0.05861511971440678,0.06688933171779661,0.06688933171779661,1.9414576271186436e-07,-0.08168353218474576,0.2809301796559322,-0.010020700444067795,-0.1680571969559322,0.18428126682203388,-0.031169804062711862,-0.09195031135932201,0.1843380862440678,-0.01712108931016949
00:00:00:52,61,0.12811343093050848,0.29583855353644073,0.13186500714237287,0.06817319887372882,0.0,0.04979382606186441,0.0,0.12811343093050848,0.29583855353644073,0.13186500714237287,0.06817319887372882,0.0,0.04979382606186441,0.0,0.06603004566101695,0.01324428618220339,0.01324428618220339,0.7983908441135593,0.2045827134457627,0.4820875970084746,0.38778311413898303,0.0001429712644067796,0.0001429712644067796,0.0,0.0,0.0701695227542373,0.0701695227542373,0.02862625971016949,0.02862625971016949,0.23776164410084746,0.23776164410084746,0.03205071236779661,0.019084800933898305,0.0781615899,0.07113702091525424,0.019636738299999998,0.019636738299999998,0.41337570396016954,0.41337570396016954,0.13542055564576272,0.13542055564576272,0.0,0.0,0.0971617427338983,0.034286867457627115,0.034286867457627115,0.008875530533898305,0.058503344773728816,0.058503344773728816,0.0668459833381356,0.0668459833381356,1.534033898305085e-07,-0.08161307895423729,0.27998697454745763,-0.009454703528813559,-0.1584820977016949,0.18215352094745763,-0.029065931320338984,-0.08191575984067798,0.18221059692881356,-0.015080177920338986
00:00:00:53,61,0.12838314627288133,0.2937797121144068,0.12406113300593218,0.060039857303389794,0.0,0.049617814290677964,0.0,0.12838314627288133,0.2937797121144068,0.12406113300593218,0.060039857303389794,0.0,0.049617814290677964,0.0,0.06544717740508474,0.013021697144915254,0.013021697144915254,0.8005620736525424,0.20614196084915254,0.4810063596457627,0.3884671355627119,0.00021770412627118672,0.00021770412627118672,0.0,0.0,0.07141936063050848,0.07141936063050848,0.028720128595762714,0.028720128595762714,0.2377646153983051,0.2377646153983051,0.032340748627118644,0.01934427956440678,0.07806828944576272,0.07073150082881356,0.019582751514406777,0.019582751514406777,0.41199662421694916,0.41199662421694916,0.1331182748313559,0.1331182748313559,0.0,0.0,0.09731409141525424,0.03595179219661018,0.03595179219661018,0.008938340527118643,0.058354329869491524,0.058354329869491524,0.06685237371101695,0.06685237371101695,1.5304237288135602e-07,-0.08125411905254237,0.27882228415932203,-0.008998062433898304,-0.14913841021864402,0.18068477913728814,-0.027137800799999993,-0.07216160785762707,0.18074205390338982,-0.01317573012203389
00:00:00:54,61,0.1286627917915254,0.2947419644516949,0.12334975332796612,0.059288130364406784,0.0,0.049393426183898304,0.0,0.1286627917915254,0.2947419644516949,0.12334975332796612,0.059288130364406784,0.0,0.049393426183898304,0.0,0.06494031718474576,0.012850554436440677,0.012850554436440677,0.8017396856288136,0.20726998075423728,0.48033296354745764,0.3889908371661017,0.00029039923135593235,0.00029039923135593235,0.0,0.0,0.07235433504237289,0.07235433504237289,0.028805138795762714,0.028805138795762714,0.23755759304067797,0.23755759304067797,0.03262146931186441,0.01958120709661017,0.07804846533389831,0.07041084275084745,0.01955714237372881,0.01955714237372881,0.41096375403220337,0.41096375403220337,0.13172832937881357,0.13172832937881357,0.0,0.0,0.09740492387966102,0.03723774824576272,0.03723774824576272,0.009006051567796611,0.058230954344067797,0.058230954344067797,0.06686748348050847,0.06686748348050847,1.5576779661016947e-07,-0.08087520530677966,0.2780044437457627,-0.008766277084745762,-0.14826759191694916,0.18125696406949152,-0.027067266718644067,-0.07125068493559322,0.18131424434745763,-0.013051023074576274
00:00:00:55,61,0.1288796440974576,0.2936719155779661,0.12283853024237287,0.05875171356271186,0.0,0.04919305775,0.0,0.1288796440974576,0.2936719155779661,0.12283853024237287,0.05875171356271186,0.0,0.04919305775,0.0,0.06443512236949152,0.012716060555932203,0.012716060555932203,0.8023076774576271,0.20812007508644068,0.4805188431271187,0.38936670608135593,0.00036224975084745765,0.00036224975084745765,0.0,0.0,0.07304505217457627,0.07304505217457627,0.02887364835338983,0.02887364835338983,0.2371701925177966,0.2371701925177966,0.03289044707966102,0.019791778088135592,0.07805749484406779,0.07013876947457627,0.01953436513474576,0.01953436513474576,0.40965803220677965,0.40965803220677965,0.13075613698559324,0.13075613698559324,0.0,0.0,0.0974870825559322,0.03816753079152542,0.03816753079152542,0.009072144162711864,0.05811438559152542,0.05811438559152542,0.06682869851864406,0.06682869851864406,1.594e-07,-0.08090666907796609,0.27722315568305084,-0.008610087508474577,-0.14767068979152542,0.18058632216101694,-0.02685700732881356,-0.07061464734237288,0.18064363473898304,-0.01288558669322034
00:00:00:56,61,0.12928761393305085,0.2947833209711864,0.12206948612711864,0.057954915379661014,0.0,0.04905054447711864,0.0,0.12928761393305085,0.2947833209711864,0.12206948612711864,0.057954915379661014,0.0,0.04905054447711864,0.0,0.06416184390169491,0.012643184069491525,0.012643184069491525,0.8020938179898305,0.2088039090457627,0.48500489985932205,0.39054266625084744,0.00042626875762711897,0.00042626875762711897,0.0,0.0,0.07368656956101696,0.07368656956101696,0.028908107453389828,0.028908107453389828,0.23659595477881357,0.23659595477881357,0.03311024824576272,0.01997106366440678,0.07817507107457626,0.07000451054576272,0.019573116277118642,0.019573116277118642,0.40882387279661014,0.40882387279661014,0.13011883555,0.13011883555,0.0,0.0,0.09759765949491525,0.03900869469322034,0.03900869469322034,0.009138374189830508,0.0580325007881356,0.0580325007881356,0.06669470284915255,0.06669470284915255,1.649220338983051e-07,-0.08087275655254238,0.27618149879830506,-0.008785209898305087,-0.146728204479661,0.18125088108305085,-0.026786837905084744,-0.06964848334237288,0.18130816798644067,-0.0127569407779661
00:00:00:57,61,0.12970299714830508,0.2949853966144068,0.12450495995762711,0.06052693751610169,0.0,0.04895304625762712,0.0,0.12970299714830508,0.2949853966144068,0.12450495995762711,0.06052693751610169,0.0,0.04895304625762712,0.0,0.06386115364576271,0.012552349002542373,0.012552349002542373,0.8019521903237288,0.209167120820339,0.4867984223118644,0.3910993600220339,0.0004951463305084744,0.0004951463305084744,0.0,0.0,0.07412701854237289,0.07412701854237289,0.028950158365254237,0.028950158365254237,0.23620967478474575,0.23620967478474575,0.03329743169152542,0.020130408333898304,0.07822761682542373,0.06983240352881356,0.019594414359322035,0.019594414359322035,0.40831166634830507,0.40831166634830507,0.1295593197559322,0.1295593197559322,0.0,0.0,0.09779945092033898,0.039942549309322034,0.039942549309322034,0.009188713538983052,0.057966305386440674,0.057966305386440674,0.06655842616864406,0.06655842616864406,1.277915254237289e-07,-0.08099924988135594,0.2756966837559322,-0.008835394610169491,-0.1496521300101695,0.1814354663118644,-0.02734493281355932,-0.07273736227288134,0.18149270625762712,-0.013335627586440676
00:00:00:58,61,0.13016894865847456,0.2934216409483051,0.1134021595576271,0.048997480226271165,0.0,0.04890588994915254,0.0,0.13016894865847456,0.2934216409483051,0.1134021595576271,0.048997480226271165,0.0,0.04890588994915254,0.0,0.06358111767627118,0.012442168355084746,0.012442168355084746,0.8017628455169491,0.20952149820677965,0.48898679771186443,0.3916704594220339,0.0005937578152542375,0.0005937578152542375,0.0,0.0,0.07465263825084745,0.07465263825084745,0.02898881088898305,0.02898881088898305,0.23576574746101694,0.23576574746101694,0.033495256820338985,0.020284348198305085,0.07831459010338983,0.06970744163050847,0.019620554025423727,0.019620554025423727,0.407647208390678,0.407647208390678,0.12908368202372883,0.12908368202372883,0.0,0.0,0.0979469930898305,0.040532902111016955,0.040532902111016955,0.009246163301694916,0.05793060844067796,0.05793060844067796,0.06642265865677965,0.06642265865677965,1.1733050847457626e-07,-0.08106668318644067,0.27479523724067795,-0.008609531352542372,-0.13633090052542368,0.1802164947355932,-0.0247574163118644,-0.05889375141525421,0.1802739705559322,-0.01072781476610169
00:00:00:59,61,0.17816527185,0.304392606,0.0698268935,0.0040670554,0.0,0.0488351062,0.0,0.17816527185,0.304392606,0.0698268935,0.0040670554,0.0,0.0488351062,0.0,0.0631058887,0.01234339085,0.01234339085,0.8016605377,0.2094691098,0.4935547709,0.3946498036,0.00068785035,0.00068785035,0.0,0.0,0.07481892595,0.07481892595,0.0290865274,0.0290865274,0.2346741706,0.2346741706,0.0337481573,0.0204711296,0.0784761161,0.0696705729,0.019665376300000002,0.019665376300000002,0.40359005335,0.40359005335,0.12876235689999999,0.12876235689999999,0.0,0.0,0.0983557254,0.0410247818,0.0410247818,0.0093033062,0.05798175,0.05798175,0.0664076302,0.0664076302,8.92e-08,-0.0812902525,0.2740028501,-0.0086966818,-0.083841309,0.1862458885,-0.0157783758,-0.0048828647,0.1863039434,-0.0009203661
